{
  "master_vol": 0.5875,
  "sfx_vol": 0.8666666666666667,
  "music_vol": 0.5708333333333333,
  "ambient_vol": 0.5166666666666667,
  "display_mode": "1440x900"
}